,name,salary,addr,time,limit,company,type,vip,page
0,IOS工程师,12k-16k,南山区,2018-07-13 16:26:45,本科、3-5年,深圳蜜丝科技有限公司,天使轮、移动互联网,"职业成长大,福利多,美女多",1
1,iOS开发工程师,12k-18k,南山区,2018-07-13 16:25:20,本科、1-3年,深圳美西西餐饮管理有限公司,"B轮、移动互联网,生活服务","双休,牛人多,平台大,待遇好",1
2,iOS开发工程师,10k-20k,宝安区,2018-07-13 16:15:50,大专、3-5年,深圳市惠普优选科技有限公司,"天使轮、移动互联网,金融","五险一金,奖金丰厚,弹性不打卡,每天下午茶",1
3,IOS工程师,10k-20k,南山区,2018-07-13 16:11:47,不限、不限,深圳秀蛋科技有限公司,"A轮、移动互联网,社交网络","互联网公司,前沿产品,竞争力薪资,高速发展",1
4,IOS开发工程师,10K-18K,南山区,2018-07-13 16:08:15,本科、1-3年,深圳市七块技术有限公司,不需要融资、移动互联网,超好发展前景&nbsp;五险一金&amp;,1
5,iOS开发工程师,10k-16k,宝安区,2018-07-13 16:07:07,本科、1-3年,深圳市电陶思创科技有限公司,"A轮、移动互联网,硬件","季度旅游,季度提薪,股份期权,免费零食",1
6,IOS高级开发工程师,20k-40k,南山区,2018-07-13 16:02:42,本科、3-5年,恒大地产集团珠三角房地产开发有限公司,"上市公司、移动互联网,生活服务",大平台 顶级互联网公司来的各种leader,1
7,ios开发,10k-15k,宝安区,2018-07-13 15:25:46,大专、3-5年,深圳市海纳联达实业有限公司,"A轮、移动互联网,电子商务","五险,年终奖,股票期权,包吃包住",1
8,iOS开发工程师,9k-15k,福田区,2018-07-13 15:09:01,本科、1-3年,桂林智神信息技术有限公司,"未融资、移动互联网,企业服务","周末双休,五险一金,绩效奖金,餐补交通补",1
9,IOS运营专员,5k-8k,南山区,2018-07-13 15:07:13,大专、不限,上海奥飞游戏有限公司,A轮、游戏,"靠谱团队,工作氛围好,超精品项目,福利多多",1
10,IOS工程师,15k-25k,福田区,2018-07-13 15:00:31,本科、3-5年,万科物业发展有限公司,"不需要融资、O2O,生活服务",好平台,1
11,IOS开发工程师（H5混合开发）,15k-20k,南山区,2018-07-13 14:57:14,大专、3-5年,深圳市博奥特科技有限公司,"未融资、移动互联网,金融","前景广阔,提升空间大,金融行业,项目背景强",1
12,iOS工程师,10k-20k,宝安区,2018-07-13 14:54:40,大专、3-5年,云集共享科技有限公司,"B轮、电子商务,移动互联网","平台发展好,技术氛围浓,福利待遇佳,团队活动多",1
13,IOS开发工程师,10k-18k,南山区,2018-07-13 14:27:39,本科、1-3年,深圳库尚信息技术有限公司,B轮、电子商务,"美女多多,技术大牛,活动旅游,年度体检",1
14,iOS开发工程师（有鱼股票）,15k-25k,福田区,2018-07-13 14:24:29,本科、3-5年,深圳市有鱼智能科技有限公司,"上市公司、移动互联网,金融","BAT班底,上市公司,弹性工作制,发展空间大",1
15,高级ios开发工程师,10k-20k,南山区,2018-07-13 16:11:45,不限、不限,深圳秀蛋科技有限公司,"A轮、移动互联网,社交网络","互联网公司,前沿产品,竞争力薪资,高速发展",2
16,iOS开发,20k-40k,南山区,2018-07-13 16:02:39,本科、3-5年,恒大地产集团珠三角房地产开发有限公司,"上市公司、移动互联网,生活服务",大平台 各种顶级互联网公司来的Leader,2
17,ios开发工程师,12k-18k,宝安区,2018-07-13 14:23:27,大专、3-5年,深圳市畅行神州科技有限公司,"不需要融资、移动互联网,电子商务","年终分红,弹性班,旅游,五险一金",2
18,ios高级开发工程师,15k-25k,南山区,2018-07-13 14:20:33,本科、3-5年,深圳回收宝科技有限公司,"B轮、移动互联网,电子商务","扁平管理,团队好,创业平台,互联网",2
19,iOS开发工程师,15k-25k,南山区,2018-07-13 14:17:01,本科、5-10年,深圳市逗娱科技有限公司,"不需要融资、移动互联网,社交网络","周末双休,年终奖,绩效奖金,年度旅游",2
20,iOS开发工程师,15k-18k,南山区,2018-07-13 14:16:06,大专、3-5年,深圳市辣妈帮科技有限公司,D轮及以上、移动互联网,"成长快速,大牛团队,花式福利,丰厚年终",2
21,iOS开发工程师,12k-18k,福田区,2018-07-13 14:15:45,本科、3-5年,深圳市喜投金融服务有限公司,未融资、金融,"周末双休,五险一金,氛围好",2
22,iOS工程师,13k-16k,南山区,2018-07-13 14:15:43,不限、3-5年,深圳市快门科技有限公司,天使轮、移动互联网,"年终奖,季度奖,五险一金,带薪年假",2
23,iOS开发工程师,10k-15k,龙岗区,2018-07-13 14:11:44,本科、1-3年,广州华微明天软件技术有限公司,"A轮、移动互联网,企业服务","五险一金,周末双休,定期体检,团队氛围好",2
24,iOS开发工程师,8k-15k,南山区,2018-07-13 13:44:39,大专、1-3年,区块链科技有限公司,"不需要融资、数据服务,移动互联网","双休,五险一金,年终奖,弹性工作",2
25,ios研发工程师,10k-20k,南山区,2018-07-13 13:42:06,本科、3-5年,深圳TCL新技术有限公司,"上市公司、移动互联网,其他","平台好,大牛多,福利赞",2
26,iOS开发工程师,8k-12k,福田区,2018-07-13 13:41:33,大专、1-3年,深圳市源动信息技术有限公司,"未融资、移动互联网,企业服务","双休,五险一金,假期多",2
27,IOS开发工程师,6k-12k,宝安区,2018-07-13 13:16:58,本科、应届毕业生,深圳市智物科技有限公司,"天使轮、生活服务,O2O","帅哥多,福利好,发展机会大",2
28,IOS开发,10k-16k,福田区,2018-07-13 13:03:04,大专、3-5年,上海舟恩信息技术有限公司,不需要融资、移动互联网,"金融财富,大平台",2
29,iOS开发工程师,15K-30K,南山区,2018-07-13 13:00:37,本科、3-5年,百度在线网络技术（北京）有限公司,"不需要融资、移动互联网,数据服务","业务增长快,技术氛围浓,成长机会多",2
30,IOS开发工程师--外派深圳顺丰,8k-14k,南山区,2018-07-13 11:22:57,本科、3-5年,武汉佰钧成技术有限责任公司,不需要融资、移动互联网,"六险一金,做五休二,带薪年假,年度体检",4
31,IOS开发工程师,10k-20k,南山区,2018-07-13 10:50:03,本科、3-5年,深圳市贸人科技有限公司,"天使轮、移动互联网,社交网络","加班少,环境好,待遇高",4
32,iOS工程师,10k-18k,罗湖区,2018-07-13 10:47:32,大专、1-3年,深圳市天方达健信科技有限公司,A轮、移动互联网,行业发展前景广阔 公司2-3年内上市,4
33,iOS开发工程师-高级,8k-10k,龙岗区,2018-07-13 10:44:27,大专、3-5年,深圳市蛋壳创意科技有限公司,"未融资、移动互联网,其他","年强团队,朝九晚六,带薪休假,季度提薪",4
34,iOS开发工程师,10k-15k,南山区,2018-07-13 10:37:28,大专、1-3年,深圳市盛开互联网金融顾问有限公司,未融资、金融,扁平化管理 工作氛围好 平台好 职业发展好,4
35,高级ios移动开发工程师,13k-18k,福田区,2018-07-13 10:33:20,大专、3-5年,数睿科技（深圳）有限公司,"上市公司、移动互联网,电子商务","上市公司,丰厚福利,扁平化管理,轻松办公",4
36,IOS资深开发,20k-40k,南山区,2018-07-13 10:31:34,本科、3-5年,弘量科技（深圳）有限公司,A轮、金融,"互联网金融,股票期权,弹性工作,五险一金",4
37,IOS工程师,15k-20k,南山区,2018-07-13 10:28:48,本科、3-5年,深圳丹晴科技有限公司,"不需要融资、移动互联网,金融","港美股,交易系统,互联网金融,环境好",4
38,iOS开发工程师,8k-12k,宝安区,2018-07-13 10:26:53,本科、1-3年,深圳市轩霆科技有限公司,"不需要融资、移动互联网,硬件","项目奖金,股票期权,发挥空间大,快速成长",4
39,ios工程师,10k-18k,南山区,2018-07-13 10:23:24,大专、3-5年,深圳麦亚信科技股份有限公司,"上市公司、金融,数据服务","项目优质,工作氛围好,发展前景好,薪资高",4
40,高级IOS工程师,18k-30k,南山区,2018-07-13 10:20:12,本科、5-10年,深圳市优必选科技有限公司,"C轮、移动互联网,硬件","人工智能,机器人,氛围好",4
41,iOS开发工程师,10k-15k,南山区,2018-07-13 10:19:44,本科、不限,深圳花果山科技有限公司,B轮、电子商务,互联网、鲜肉萝莉、大牛指导、接受应届生,4
42,iOS,10k-15k,南山区,2018-07-13 10:17:50,本科、1-3年,深圳市迅享科技有限公司,"天使轮、移动互联网,O2O","地铁周边,带薪年假,加班补贴",4
43,IOS高级开发工程师,20k-40k,南山区,2018-07-13 10:16:15,本科、3-5年,深圳佑驾创新科技有限公司,"A轮、硬件,其他","自动驾驶,海归团队,扁平化管理,股票期权",4
44,IOS开发工程师,8k-16k,南山区,2018-07-13 10:15:32,本科、1-3年,胡桃智能科技（东莞）有限公司,"A轮、社交网络,硬件","技术大牛,扁平管理,谷歌氛围,黑科技产品",4
45,iOS开发工程师,6k-8k,龙岗区,2018-07-13 10:44:27,大专、1-3年,深圳市蛋壳创意科技有限公司,"未融资、移动互联网,其他","大小周,五险一金,环境好,地铁周边",5
46,IOS开发工程师,10k-20k,南山区,2018-07-13 10:31:20,本科、1-3年,弘量科技（深圳）有限公司,A轮、金融,"弹性工作,股票期权,互联网金融,五险一金",5
47,iOS实习工程师,2k-3k,宝安区,2018-07-13 10:26:53,不限、不限,深圳市轩霆科技有限公司,"不需要融资、移动互联网,硬件",快速成长 发挥空间大,5
48,IOS开发工程师,12k-20k,南山区,2018-07-13 10:12:44,本科、3-5年,矩阵元技术（深圳）有限公司,"A轮、信息安全,金融","技能培训,带薪年假,五险一金,节日福利",5
49,IOS开发工程师,20k-30k,宝安区,2018-07-13 10:10:31,大专、3-5年,深圳市英思奇信息咨询有限公司,"未融资、移动互联网,电子商务","包吃包住,21天年假,股权激励,公司规模大",5
50,IOS开发工程师,20k-40k,福田区,2018-07-13 10:09:20,本科、3-5年,安信证券股份有限公司,上市公司、金融,"带薪年假,福利好,氛围好,年终奖",5
51,IOS开发工程师,8K-15K,,2018-07-13 10:04:50,本科、1-3年,深圳市车咪云创科技有限公司,未融资、移动互联网,五险，晚餐补助,5
52,iOS开发工程师,10k-12k,南山区,2018-07-13 10:04:35,本科、3-5年,万翼科技有限公司,"上市公司、生活服务,硬件","世界五百强,互联网变革,薪资福利佳,发展空间大",5
53,IOS开发工程师,10k-20k,福田区,2018-07-13 09:57:21,本科、3-5年,深圳市致远优学教育科技有限公司,不需要融资、移动互联网,"高薪资,大平台,工作餐",5
54,iOS开发工程师（中高级）,15k-30k,南山区,2018-07-13 09:54:37,本科、3-5年,深圳市创客工场科技有限公司,B轮、硬件,"机器人,编程教育,年轻活力,免费三餐",5
55,iOS开发工程师,15k-25k,南山区,2018-07-13 09:52:20,本科、3-5年,深圳市小牛在线互联网信息咨询有限公司,不需要融资、金融,互联网金融 行业前十 薪资福利好,5
56,IOS开发工程师,15k-25k,福田区,2018-07-13 09:47:47,本科、3-5年,中国平安财产保险股份有限公司,"上市公司、移动互联网,金融","大平台,薪资,尊重,专业团队",5
57,移动开发经理 (Android &amp; IOS),15k-30k,宝安区,2018-07-13 09:47:21,本科、3-5年,深圳市前海亿车科技有限公司,"A轮、移动互联网,数据服务","行业独角兽,每天下午茶,领导好,腾讯参投",5
58,iOS高级开发工程师,15k-25k,南山区,2018-07-13 09:47:21,本科、5-10年,深圳云之家网络有限公司,"A轮、移动互联网,企业服务","发展空间大,扁平化管理,精英团队,领导人超好",5
59,高级 iOS 开发工程师,15k-25k,福田区,2018-07-13 09:44:47,本科、3-5年,深圳木木雨辰网络科技有限公司,天使轮、金融,"团队氛围好,发展空间大,行业热门,待遇优",5
60,iOS开发工程师-初级,4k-6k,龙岗区,2018-07-13 10:44:27,大专、1年以下,深圳市蛋壳创意科技有限公司,"未融资、移动互联网,其他","五险一金,季度提薪,带薪休假,朝九晚六",6
61,IOS开发工程师,28k-35k,宝安区,2018-07-13 09:54:21,本科、3-5年,深圳市英思奇信息咨询有限公司,"未融资、移动互联网,电子商务","IOS,客户端,熟悉视频,开发测试",6
62,IOS工程师,10k-20k,南山区,2018-07-13 09:42:34,本科、3-5年,深圳市合易网络技术有限公司,"A轮、生活服务,移动互联网","薪酬福利好,弹性工作制,平台发展好",6
63,IOS开发工程师,10k-15k,南山区,2018-07-13 09:41:08,本科、1-3年,深圳市飞鱼星科技有限公司,"B轮、移动互联网,硬件","研发,IOS开发,IOS工程,IOS",6
64,iOS,12k-24k,南山区,2018-07-13 09:36:17,本科、3-5年,深圳泰中科技有限公司,"不需要融资、移动互联网,企业服务","五险一金,年终福利,年假旅行,绩效奖金",6
65,IOS开发工程师,8k-16k,龙华新区,2018-07-13 09:31:06,大专、1-3年,深圳市百米生活股份有限公司,"B轮、移动互联网,O2O","五险一金,周末双休,福利好,办公环境好",6
66,iOS工程师,15k-25k,南山区,2018-07-13 09:29:48,本科、1-3年,深圳市梦之舵信息技术有限公司,A轮、社交网络,亿级用户产品+优厚薪资待遇,6
67,IOS应用开发工程师,11k-22k,南山区,2018-07-13 09:29:07,本科、1-3年,深圳市柔宇科技有限公司,D轮及以上、其他,"福利齐全,股权激励,年终奖金,扁平弹性",6
68,IOS开发工程师,15k-30k,龙岗区,2018-07-13 09:28:25,本科、3-5年,深圳鳍源科技有限公司,"A轮、硬件,其他","成长快,发展空间,酷",6
69,ios开发工程师,12k-20k,福田区,2018-07-13 09:28:11,本科、3-5年,微马体育控股有限公司,不需要融资、移动互联网,"双休,有团队,氛围好,领导能力强",6
70,ios工程师,15k-30k,南山区,2018-07-13 09:26:35,大专、1-3年,元一灵通智能科技（深圳）有限公司,"C轮、金融,生活服务","晋升机会高,入职购五险",6
71,游戏开发工程师（IOS）,12k-20k,南山区,2018-07-13 09:26:08,本科、3-5年,深圳市东方博雅科技有限公司,"上市公司、移动互联网,游戏","上市公司,六险一金,免费班车,餐补",6
72,iOS开发工程师,10k-20k,南山区,2018-07-13 09:24:20,本科、1-3年,深圳和而泰智能控制股份有限公司,上市公司、移动互联网,"上市公司,大牛团队,物联网,智能家居",6
73,ios开发,12k-18k,南山区,2018-07-13 09:21:04,本科、3-5年,深圳市百易信息技术有限公司,"不需要融资、电子商务,移动互联网","福利多多,员工旅游,年终奖",6
74,高级IOS开发,13k-20k,南山区,2018-07-13 09:20:34,本科、3-5年,深圳市天创进科技有限公司,"A轮、移动互联网,教育",天使A轮，发展前景好，项目发挥空间大,6
75,iOS高级工程师,15k-30k,南山区,2018-07-13 09:29:45,不限、3-5年,深圳市梦之舵信息技术有限公司,A轮、社交网络,亿级用户产品+优厚薪资待遇,7
76,ios/android开发经理,15k-30k,南山区,2018-07-13 09:19:24,本科、5-10年,深圳易库易有限公司,"不需要融资、移动互联网,电子商务","发展空间大,领导好,薪资福利佳,环境好",7
77,iOS开发工程师,8k-16k,南山区,2018-07-13 09:18:33,本科、1-3年,广州快盈信息技术服务有限公司,"B轮、社交网络,金融",兼具互联网基因及传统媒体文化,7
78,IOS高级工程师,10k-18k,宝安区,2018-07-13 09:17:48,本科、5-10年,深圳智芯数据服务有限公司,A轮、其他,"弹性工作,五险,福利补贴,股票期权",7
79,总公司-iOS开发实习生,2k-4k,南山区,2018-07-13 09:16:27,本科、不限,深圳道乐科技有限公司,"未融资、移动互联网,金融","实习补贴,零食水果,周末双休,弹性工作制",7
80,iOS工程师,10k-20k,南山区,2018-07-13 09:10:37,大专、3-5年,深圳中兴飞贷金融科技有限公司,"B轮、移动互联网,金融","周末双休,年终奖金,节日福利,五险一金",7
81,IOS开发工程师,12k-20k,南山区,2018-07-13 09:08:25,本科、3-5年,深圳市聚蜂智能科技有限公司,"天使轮、移动互联网,企业服务","股票期权,投资人热捧,大牛团队,水果下午茶",7
82,IOS开发工程师,8k-15k,南山区,2018-07-13 09:04:57,本科、3-5年,深圳市小柠檬教育科技有限公司,"上市公司、教育,移动互联网","领导好,氛围好,发展空间大",7
83,ios开发工程师,10k-20k,福田区,2018-07-13 09:01:44,大专、3-5年,上海海万信息科技股份有限公司,"不需要融资、移动互联网,金融","双休,过节费,年假,旅游",7
84,iOS／android／开发实习生,4k-5k,南山区,2018-07-13 09:01:34,本科、不限,深圳墨齐致知网络科技有限公司,"A轮、移动互联网,教育",急速入职、牛人带,7
85,iOS 手机游戏SDK开发工程师,8k-15k,,2018-07-13 08:53:19,大专、1-3年,深圳市迅龙创威网络技术有限公司,A轮、游戏,高薪资高福利、向牛人学习的机会、快速成长,7
86,高级iOS开发工程师,25k-50k,南山区,2018-07-13 08:48:21,本科、3-5年,平达投资股份有限公司,未融资、O2O,"薪水竞争力,技术氛围好,年终奖,晋升空间大",7
87,ios开发工程师,10k-15k,南山区,2018-07-12 20:00:02,本科、1-3年,厦门瑞为信息技术有限公司深圳分公司,"B轮、硬件,移动互联网","六险一金,免费晚餐,文化好,福利多多",7
88,iOS开发工程师,4k-8k,福田区,2018-07-12 19:34:20,大专、1-3年,鲁班长科技（深圳）有限公司,未融资、移动互联网,"地处繁华商,领导易相处,五险一金,周末双休",7
89,iOS开发工程师,6k-12k,南山区,2018-07-12 19:15:13,不限、1-3年,上海易能信息技术有限公司,"不需要融资、企业服务,数据服务","年底双薪,弹性工作制,五险一金,双休",7
90,中级iOS/Android开发工程师,10k-20k,南山区,2018-07-13 09:19:23,本科、3-5年,深圳易库易有限公司,"不需要融资、移动互联网,电子商务","发展空间大,薪资福利佳,领导好,环境好",8
91,iOS应用软件工程师,8k-15k,宝安区,2018-07-13 09:17:48,本科、1-3年,深圳智芯数据服务有限公司,A轮、其他,五险补充商业保险交通餐饮补贴奖金股票期权,8
92,iOS,12k-20k,南山区,2018-07-13 09:01:33,本科、1-3年,深圳墨齐致知网络科技有限公司,"A轮、移动互联网,教育",顶尖产品、早期期权、酷公司,8
93,iOS高级开发工程师,15K-30K,南山区,2018-07-12 19:01:25,本科、5-10年,深圳有赞信息技术有限公司,"B轮、移动互联网,电子商务",五险一金，弹性工作，带薪年假，年度体检,8
94,ios开发工程师,10K-20K,南山区,2018-07-12 18:07:48,大专、3-5年,深圳链禧科技有限公司,不需要融资、移动互联网,香港企业,8
95,iOS开发工程师,10k-18k,罗湖区,2018-07-12 17:55:33,大专、3-5年,佳峰投资控股集团有限公司,不需要融资、其他,"五险一金,免费午餐,全勤奖",8
96,IOS工程师,15k-30k,南山区,2018-07-12 17:50:44,本科、不限,深圳无觅科技有限公司,"B轮、移动互联网,金融","六险一金,晋升空间,扁平化管理,弹性上下班",8
97,ios开发工程师&nbsp; (MJ000025),12k-20k,南山区,2018-07-12 17:38:15,本科、3-5年,深圳乐信软件技术有限公司,上市公司、移动互联网,"美股上市,金融科技,福利多多,团队专业",8
98,iOS研发工程师,12k-16k,南山区,2018-07-12 17:19:43,本科、不限,深圳可点科技有限公司,"A轮、移动互联网,金融","免费购书,带薪年假,未来金融,大小周",8
99,高级IOS工程师,20k-40k,南山区,2018-07-12 17:09:36,本科、5-10年,新原子（深圳）科技有限公司,"未融资、移动互联网,电子商务","带薪年假,晋升空间大,年度旅游",8
100,IOS开发工程师,10k-18k,南山区,2018-07-12 16:59:44,大专、不限,深圳市手心游戏科技有限公司,"未融资、移动互联网,游戏","五险一金,全勤奖,带薪年假,年终福利",8
101,iOS研发工程师,18k-32k,南山区,2018-07-12 16:54:36,本科、3-5年,上海小蚁科技有限公司,"C轮、移动互联网,硬件","智能硬件,技术大牛,年终奖,福利多",8
102,短视频IOS开发工程师（深圳）,15k-30k,南山区,2018-07-12 16:54:35,本科、3-5年,腾讯科技(深圳)有限公司,"上市公司、移动互联网 ,游戏",腾讯,8
103,IOS开发工程师,10k-20k,南山区,2018-07-12 16:53:30,本科、应届毕业生,深圳礼舍科技有限公司,"A轮、移动互联网,电子商务","团队技术牛,公司氛围好,平台发展大",8
104,资深IOS开发工程师（深圳）,15k-30k,福田区,2018-07-12 16:53:28,本科、不限,平安科技（深圳）有限公司,不需要融资、金融,500强企业，福利好，绩效奖金丰厚,8
105,iOS应届生,5k-10k,南山区,2018-07-12 17:19:42,不限、应届毕业生,深圳可点科技有限公司,"A轮、移动互联网,金融","五险一金,技术大牛,季度出游,大小周",9
106,iOS开发工程师,15k-30k,南山区,2018-07-12 16:54:34,本科、3-5年,上海小蚁科技有限公司,"C轮、移动互联网,硬件","成长型公司,智能硬件,餐补茶歇,弹性工作",9
107,IOS开发工程师（深圳）,15k-30k,福田区,2018-07-12 16:53:28,本科、不限,平安科技（深圳）有限公司,不需要融资、金融,"世界50强,带薪年假,节日福利,绩效丰厚",9
108,IOS开发工程师,13k-16k,南山区,2018-07-12 16:49:01,本科、1-3年,深圳库尚信息技术有限公司,B轮、电子商务,"发展前景好,公司环境佳,企业文化棒",9
109,短视频ios开发工程师,15k-30k,南山区,2018-07-12 16:28:02,本科、3-5年,腾讯科技(深圳)有限公司,"上市公司、移动互联网 ,游戏",福利健全,9
110,IOS软件工程师,9k-18k,南山区,2018-07-12 16:00:37,大专、1-3年,深圳市云房网络科技有限公司,上市公司、O2O,"五险一金,做五休二,绩效奖金,年度旅游",9
111,iOS开发（KLPA组）,12k-17k,福田区,2018-07-12 15:52:18,大专、3-5年,深圳市金证科技股份有限公司,上市公司、金融,"上市公司,薪资福利好,五险一金,大型项目",9
112,Android工程师/IOS工程师,18k-28k,宝安区,2018-07-12 15:46:01,本科、3-5年,深圳市英思奇信息咨询有限公司,"未融资、移动互联网,电子商务","高并发处理,移动端开发,大型公司,薪资可谈",9
113,IOS开发工程师,7k-12k,福田区,2018-07-12 15:38:12,本科、1-3年,深圳市交投科技有限公司,"不需要融资、移动互联网,其他",项目奖金,9
114,高级IOS开发工程师,10k-18k,南山区,2018-07-12 15:30:35,本科、1-3年,厦门吉比特网络技术股份有限公司,上市公司、游戏,"海量用户,海外业务场,薪酬福利好",9
115,ios工程师,8k-12k,宝安区,2018-07-12 15:24:35,不限、1-3年,海网物联（深圳）科技有限公司,"未融资、移动互联网,硬件","节日福利,社保,环境好,5天8小时",9
116,ios工程师,5k-7k,宝安区,2018-07-12 15:23:47,不限、不限,英麦(深圳)科技有限公司,"未融资、移动互联网,硬件","节日福利,社保,环境好",9
117,IOS开发工程师,10k-18k,南山区,2018-07-12 15:23:31,本科、3-5年,深圳市得色科技有限公司,不需要融资、移动互联网,"发展好,氛围好,团队好,领导好",9
118,iOS开发工程师,15k-30k,南山区,2018-07-12 15:20:51,本科、1-3年,北京达佳互联信息技术有限公司,D轮及以上、移动互联网,"定期团建,大牛如云",9
119,高级ios开发工程师,20k-30k,南山区,2018-07-12 15:16:46,本科、5-10年,深圳凯石信息科技有限公司,未融资、移动互联网、金融,"金融公司,福利好,团队氛围好,双休",9
120,IOS软件工程师,9k-18k,南山区,2018-07-12 16:00:37,大专、1-3年,深圳市云房网络科技有限公司,上市公司、O2O,"五险一金,做五休二,年度旅游,绩效奖金",10
121,Android 开发和 IOS开发,13k-15k,福田区,2018-07-12 15:52:17,本科、3-5年,深圳市金证科技股份有限公司,上市公司、金融,"上市公司,大型项目,办公环境好,年度旅游",10
122,高级iOS开发工程师,12k-18k,南山区,2018-07-12 15:13:17,本科、3-5年,深圳聚领威锋科技股份有限公司,B轮、移动互联网,"发展空间,办公环境,上班弹性制",10
123,IOS开发工程师,8k-15k,福田区,2018-07-12 15:12:18,本科、3-5年,深圳乐莱健康管理有限公司,"不需要融资、生活服务,文化娱乐","健身俱乐部,五险一金,周末双休",10
124,iOS开发工程师,10k-20k,南山区,2018-07-12 15:01:53,本科、3-5年,深圳中正信息科技有限公司,"天使轮、移动互联网,O2O","上升空间大,期权激励,深大地铁口,科技园地标",10
125,iOS开发工程师,10k-20k,南山区,2018-07-12 14:59:26,本科、3-5年,深圳市敢爱科技有限公司,"天使轮、移动互联网,社交网络","黑科技,办公环境好",10
126,iOS开发高级工程师,20k-40k,南山区,2018-07-12 14:54:22,本科、5-10年,顺丰科技有限公司,"不需要融资、移动互联网,电子商务","福利好,氛围好,技术好",10
127,ios工程师,15k-25k,南山区,2018-07-12 14:45:16,本科、1-3年,深圳市恒波商业连锁有限公司,上市公司、其他,"技术大咖多,超级独角兽,平台大,氛围好",10
128,IOS开发工程师,10k-20k,南山区,2018-07-12 14:33:50,大专、3-5年,广州维朗网络科技有限公司,"不需要融资、移动互联网,招聘","五险一金,周末双休,节日福利",10
129,ios开发工程师,12k-17k,宝安区,2018-07-12 14:23:49,大专、1-3年,深圳市熊小鲜科技有限公司,"A轮、O2O,生活服务","发展空间大,带薪年假,年底双薪,团队完善",10
130,IOS开发工程师,10k-20k,宝安区,2018-07-12 14:21:23,大专、3-5年,深圳市大头兄弟文化传播有限公司,"A轮、移动互联网,文化娱乐","年底双薪,年终奖,出国旅游,午餐下午茶",10
131,IOS工程师,16k-25k,南山区,2018-07-12 14:21:14,不限、3-5年,天道计然（北京）信息科技有限责任公司,"B轮、移动互联网,金融","平台好,薪酬高,福利棒,成长机会多",10
132,Ios开发工程师,10k-20k,福田区,2018-07-12 14:20:50,本科、3-5年,深圳依时货拉拉科技有限公司,"C轮、移动互联网,O2O","年终奖,不打卡,下午茶,旅游",10
133,ios应用开发,9k-18k,宝安区,2018-07-12 14:16:26,不限、不限,深圳市风眼科技有限公司,"不需要融资、移动互联网,游戏","活力的团队,完善的福利,靠谱的队友,无尽的美食",10
134,IOS高级开发工程师,8k-15k,南山区,2018-07-12 14:13:03,本科、1-3年,放肆星球（深圳）网络有限公司,"天使轮、文化娱乐,移动互联网","期权丰厚,奖金分红",10
135,iOS,15k-30k,南山区,2018-07-12 11:02:11,本科、1-3年,深圳市乐易网络股份有限公司,"A轮、移动互联网,游戏","精品手游,高配团队,丰厚奖金,免费旅游",13
136,高级iOS工程师,20k-40k,南山区,2018-07-12 10:14:05,本科、3-5年,深圳无觅科技有限公司,"B轮、移动互联网,金融","高速发展,团队优秀,待遇丰厚",13
137,iOS开发工程师（中级/高级/资深）-创新工具,25k-50k,南山区,2018-07-12 10:04:42,本科、3-5年,北京字节跳动科技有限公司,"C轮、移动互联网,数据服务",六险一金，高薪期权，弹性工作，免费三餐，租房补贴，扁平管理，团队氛围好,13
138,iOS开发工程师,10k-20k,南山区,2018-07-12 10:00:06,本科、1-3年,深圳左邻永佳科技有限公司,A轮、移动互联网,"大牛团队,超好氛围,技术导向,福利多多",13
139,iOS开发工程师,13k-20k,南山区,2018-07-12 09:56:13,本科、3-5年,深圳市万合乾德科技发展有限公司,"A轮、移动互联网,生活服务","福利佳,弹性工作,精英团队,周末双休",13
140,IOS高级工程师,10k-20k,南山区,2018-07-12 09:54:46,本科、1-3年,深圳前海点点科技有限公司,"未融资、移动互联网,生活服务","自研产品,平台机会多,团队年轻,气氛活跃",13
141,iOS高级开发工程师,20k-40k,南山区,2018-07-12 09:53:30,本科、3-5年,深圳市时代经纬科技有限公司,"C轮、移动互联网,社交网络","发挥空间大,扁平化",13
142,IOS开发工程师,15k-25k,南山区,2018-07-12 09:52:54,本科、3-5年,岩心科技（深圳）有限公司,"B轮、移动互联网,金融","项目前景好,团队牛逼,弹性工作,期权激励",13
143,IOS工程师,15k-25k,龙华新区,2018-07-12 09:51:05,大专、3-5年,梅州市榜眼广告传媒有限公司,"不需要融资、移动互联网,游戏","带薪年假,年底双薪",13
144,iOS游戏开发,10k-18k,南山区,2018-07-12 09:50:25,本科、1-3年,深圳市卓趣互娱科技有限公司,天使轮、游戏,"五险一金,员工旅游,年底双薪,带薪年假",13
145,IOS开发工程师（美颜相机）,15k-30k,南山区,2018-07-12 09:43:32,本科、3-5年,厦门美图之家科技有限公司,"上市公司、移动互联网,硬件","上市公司,福利多多,弹性上班",13
146,20718-iOS开发工程师,15k-30k,南山区,2018-07-12 09:42:14,本科、3-5年,腾讯科技(深圳)有限公司,"上市公司、移动互联网 ,游戏","智能硬件,AI,新产品,空间大",13
147,ios工程师 ios开发工程师 ios高级工程师,12k-16k,南山区,2018-07-12 09:37:15,大专、3-5年,深圳市浩翰星河科技有限公司,"未融资、移动互联网,企业服务","弹性工作,年终奖金,五险一金,国际旅游",13
148,IOS工程师,8k-13k,南山区,2018-07-12 09:36:28,大专、1-3年,深圳市立业贷互联网金融服务有限公司,不需要融资、金融,"五险一金,节日福利,周末双休",13
149,iOS开发工程师,12k-20k,南山区,2018-07-12 09:33:51,本科、1-3年,深圳荷包金融信息咨询有限公司,不需要融资、金融,有趣又有钱,13
150,iOS研发中级工程师,15k-30k,南山区,2018-07-12 14:54:19,本科、3-5年,顺丰科技有限公司,"不需要融资、移动互联网,电子商务","五险一金,弹性工作,餐饮补贴",12
151,iOS开发工程师,10k-15k,南山区,2018-07-12 11:14:16,本科、1-3年,广东天天财富股份有限公司,"不需要融资、移动互联网,金融","前台美,老板帅,伙伴酷,日常有趣",12
152,IOS开发工程师,7k-9k,宝安区,2018-07-12 11:12:18,大专、1-3年,深圳市品创服务集团有限公司,"天使轮、移动互联网,企业服务",晋升空间,12
153,资深iOS开发工程师,23k-35k,南山区,2018-07-12 11:09:49,本科、5-10年,深圳市珍爱网信息技术有限公司,"不需要融资、社交网络,生活服务","办公环境好,五险一金,团建活动多,团队氛围好",12
154,iOS,8k-16k,南山区,2018-07-12 11:02:19,本科、应届毕业生,深圳市乐易网络股份有限公司,"A轮、移动互联网,游戏","精品手游,腾讯大神,高配团队,免费旅游",12
155,IOS系统工程师,9k-15k,福田区,2018-07-12 10:56:02,本科、1-3年,深圳途顺高新科技有限公司,"未融资、移动互联网,电子商务","绩效奖励,五险一金,年终奖金",12
156,iOS工程师 (深圳）,10k-20k,南山区,2018-07-12 10:51:38,本科、1-3年,广州奇志信息科技有限公司,A轮、移动互联网,"新技术,有挑战,无人机,飞行代码",12
157,Android/iOS开发,10k-15k,福田区,2018-07-12 10:50:55,本科、1-3年,深圳市致趣科技有限公司,天使轮、硬件,"五险一金,带薪年假,周末双休,节日福利",12
158,ios开发工程师,10k-20k,南山区,2018-07-12 10:39:09,本科、1-3年,广东合一新材料研究院有限公司,不需要融资、硬件,五险一金,12
159,iOS开发工程师,10k-20k,南山区,2018-07-12 10:30:02,本科、1-3年,深圳碳原子科技有限公司,C轮、移动互联网,IOS,12
160,高级 iOS 工程师,30k-40k,南山区,2018-07-12 10:28:33,本科、5-10年,北京嘀嘀无限科技发展有限公司,不需要融资、移动互联网,"弹性工作,产品有前景,技术氛围好",12
161,音视频直播iOS开发工程师-商业化-深圳,20k-40k,南山区,2018-07-12 10:27:01,本科、不限,厦门美图之家科技有限公司,"上市公司、移动互联网,硬件","上市公司,核心部门,扁平化管理",12
162,iOS高级开发工程师,10k-18k,龙岗区,2018-07-12 10:23:31,大专、3-5年,深圳市博奥特科技有限公司,"未融资、移动互联网,金融","周未双休,五金一险",12
163,IOS开发工程师,20k-30k,南山区,2018-07-12 10:18:05,本科、3-5年,深圳呗佬智能有限公司,A轮、移动互联网,"AI领域,硅谷大牛",12
164,iOS开发,8k-16k,南山区,2018-07-12 10:17:22,大专、3-5年,北京通力互联技术服务有限公司,"不需要融资、电子商务,企业服务","周末双休,团建",12
165,iOS开发工程师（中级/高级/资深）-创新工具,25k-50k,南山区,2018-07-12 10:04:41,本科、3-5年,北京字节跳动科技有限公司,"C轮、移动互联网,数据服务",六险一金，高薪期权，弹性工作，免费三餐，租房补贴，扁平管理，团队氛围好,14
166,iOS高级开发工程师,15k-25k,南山区,2018-07-12 10:00:06,本科、3-5年,深圳左邻永佳科技有限公司,A轮、移动互联网,"风口行业,大牛团队,技术氛围,福利多多",14
167,IOS,8k-16k,南山区,2018-07-12 09:52:37,本科、1年以下,深圳市乐易网络股份有限公司,"A轮、移动互联网,游戏","海外手游,高配团队,两次调薪,大神指导",14
168,MIG08-IOS开发工程师（广州）,18k-36k,南山区,2018-07-12 09:42:13,本科、1-3年,腾讯科技(深圳)有限公司,"上市公司、移动互联网 ,游戏","大平台,新领域,大咖多",14
169,iOS开发工程师,10k-20k,南山区,2018-07-12 09:33:21,本科、1-3年,深圳市随手科技有限公司,"C轮、移动互联网,金融","3亿用户,大平台,互联网金融,发展好",14
170,ios开发工程师,10k-18k,南山区,2018-07-12 09:33:04,本科、3-5年,金蝶软件（中国）有限公司,"上市公司、移动互联网,电子商务",发展空间大,14
171,sz-IOS开发岗,10k-20k,福田区,2018-07-12 09:32:04,大专、1-3年,深圳市中手游网络科技有限公司,"上市公司、移动互联网,游戏","大平台,福利好,加班少,晋升空间大",14
172,APP推广经理（IOS方向）,10k-15k,南山区,2018-07-12 09:30:13,本科、3-5年,深圳市房多多网络科技有限公司,"C轮、移动互联网,O2O","发展空间大,福利好,平台大",14
173,iOS,8k-12k,宝安区,2018-07-12 09:24:36,本科、1-3年,深圳和众世纪营销策划有限公司,"不需要融资、电子商务,O2O","五险一金,户外活动,下午茶,股权激励",14
174,IOS开发工程师,7k-14k,宝安区,2018-07-12 09:23:39,大专、1-3年,深圳搜机网科技有限公司,"未融资、电子商务,移动互联网","扁平化组织,五险一金,前景好,福利好",14
175,IOS开发工程师,10k-14k,福田区,2018-07-12 09:22:49,大专、3-5年,深圳市点证科技有限公司,"未融资、移动互联网,金融","专业培训,五险一金,工作餐,绩效奖金",14
176,ios开发工程师,15k-25k,南山区,2018-07-12 09:21:35,本科、3-5年,爱享叁陆伍网络技术有限公司,"不需要融资、O2O,电子商务","互联网,大平台,领导好,美女多",14
177,IOS架构师（提审包过）,15k-30k,南山区,2018-07-12 09:19:22,不限、3-5年,深圳市点加互动网络科技有限公司,"不需要融资、移动互联网,游戏","项目奖金,年终奖,弹性工作",14
178,IOS开发工程师,20k-40k,南山区,2018-07-12 09:18:35,大专、5-10年,深圳市迷你玩科技有限公司,B轮、游戏,"领导好,氛围好,平台好,下午茶",14
179,ios开发工程师,10k-15k,福田区,2018-07-12 09:11:16,本科、1-3年,深圳市精一产业链服务有限公司,"未融资、移动互联网,电子商务","福利好,平台大,氛围好,挑战大",14
180,IOS架构师,25k-50k,南山区,2018-07-11 15:50:06,本科、5-10年,深圳市恒波商业连锁有限公司,上市公司、其他,"平台空间大,国际化团队,薪资福利佳,团队氛围佳",18
181,iOS开发工程师,10k-20k,南山区,2018-07-11 15:47:32,本科、1-3年,深圳中博网络技术有限公司,未融资、移动互联网,"六险一金,鹅场大神,高配团队,海外手游",18
182,iOS 开发实习生,4k-6k,南山区,2018-07-11 15:17:32,本科、应届毕业生,深圳格隆汇信息科技有限公司,"A轮、社交网络,金融","扁平管理,团队氛围好,急速入职",18
183,iOS开发经理,20k-40k,南山区,2018-07-11 14:17:57,本科、应届毕业生,广东俊特团贷网络信息服务股份有限公司,"C轮、移动互联网,金融","top10,班车,福利棒,空间大",18
184,iOS软件开发工程师,2k-4k,龙岗区,2018-07-11 14:10:20,本科、1-3年,深圳市慧佳鼎云科技有限公司,"未融资、移动互联网,硬件",iOS系统,18
185,iOS,5k-10k,宝安区,2018-07-11 13:36:57,不限、不限,深圳市艺界都市网络科技有限公司,"未融资、移动互联网,游戏","五险一金,下午茶,项目奖金",18
186,IOS开发工程师,10k-15k,南山区,2018-07-11 13:24:48,大专、1-3年,深圳市思迪信息技术股份有限公司,"B轮、移动互联网,金融","六险一金,弹性上班,福利",18
187,移动开发工程师（iOS）,14k-20k,福田区,2018-07-11 13:16:36,本科、3-5年,迅兴商业保理（深圳）有限公司,不需要融资、金融,"iOS系统,产品分析,开发设计,调试工作",18
188,Ios开发实习生,3k-4k,福田区,2018-07-11 13:04:10,大专、不限,深圳市飞码信息技术有限公司,不需要融资、移动互联网,Ios实习,18
189,iOS开发工程师,20k-25k,宝安区,2018-07-11 11:39:57,大专、5-10年,深圳市正集源网络科技有限公司,"未融资、移动互联网,硬件","自由,阳光",18
190,IOS开发工程师,15k-25k,南山区,2018-07-11 11:11:25,本科、3-5年,大地零一（深圳）科技有限公司,"不需要融资、移动互联网,数据服务","扁平化管理,晋升机制",18
191,高级 iOS开发工程师,15k-30k,南山区,2018-07-11 11:04:16,本科、3-5年,深圳无觅科技有限公司,"B轮、移动互联网,金融","高速发展,团队优秀,待遇丰厚,快速成长",18
192,ios开发工程师,15k-30k,南山区,2018-07-11 10:49:08,本科、1-3年,深圳闻善科技有限公司,"不需要融资、移动互联网,硬件","一线互联网,薪资福利好,技术大牛多,团队氛围好",18
193,iOS,9k-15k,南山区,2018-07-11 10:18:32,大专、3-5年,深圳市瑞尚科技有限公司,"不需要融资、移动互联网,企业服务",福利待遇，专项奖金,18
194,IOS开发工程师,8k-10k,宝安区,2018-07-11 10:10:31,本科、3-5年,深圳市小瑞科技股份有限公司,"上市公司、移动互联网,其他",五险一金,18
195,iOS高级开发工程师,15k-30k,南山区,2018-07-11 14:17:56,大专、1-3年,广东俊特团贷网络信息服务股份有限公司,"C轮、移动互联网,金融",TOP10、空间大、福利棒、培训多元,19
196,IOS开发工程师,15k-30k,南山区,2018-07-11 11:04:15,本科、5-10年,深圳无觅科技有限公司,"B轮、移动互联网,金融","高速发展,团队优秀,待遇丰厚,快速成长",19
197,ios开发工程师,15k-25k,福田区,2018-07-11 09:57:03,本科、3-5年,滴滴优点科技（深圳）有限公司,A轮、移动互联网,"五险一金,绩效奖金,带薪年假,发展前景广",19
198,iOS（蓝牙）,15k-25k,南山区,2018-07-11 09:55:42,本科、3-5年,深圳欧德蒙科技有限公司,"A轮、移动互联网,企业服务","福利好,待遇优,氛围宽松,独当一面",19
199,IOS开发工程师,8k-12k,南山区,2018-07-11 09:54:07,大专、1-3年,深圳市安服优智能互联科技有限公司,"天使轮、移动互联网,硬件","IOS,年底三薪",19
200,IOS开发工程师,9k-18k,南山区,2018-07-11 09:38:19,本科、1-3年,深圳市名通科技股份有限公司,不需要融资、移动互联网,"五天制,季度调薪,年终多薪,平台稳定",19
201,iOS开发,8k-15k,南山区,2018-07-11 09:35:19,大专、1-3年,深圳市艾特软件有限公司,"未融资、电子商务,企业服务","iOS,开发",19
202,iOS开发工程师（金融APP）,15k-25k,南山区,2018-07-11 09:33:50,本科、3-5年,深圳市和讯华谷信息技术有限公司,"D轮及以上、移动互联网,数据服务","D轮+,攻城狮氛围,14薪+,弹性工作",19
203,高级iOS开发工程师,15k-25k,南山区,2018-07-11 09:33:15,本科、5-10年,深圳市环球易购电子商务有限公司,上市公司、电子商务,上市公司，大平台，绩效奖金，员工激励计划,19
204,web前端/ios/android开发工程师,15k-30k,南山区,2018-07-11 09:28:20,本科、3-5年,深圳柔美品牌运营管理有限公司,不需要融资、电子商务,团队优秀,19
205,高级iOS工程师,15k-30k,福田区,2018-07-11 09:26:25,本科、5-10年,深圳前海达飞金融服务有限公司,D轮及以上、金融,"同事Nic,福利好,有鼓励师",19
206,ios sdk开发工程师,15k-30k,南山区,2018-07-11 08:59:43,本科、3-5年,深圳市快传技术有限公司,"未融资、社交网络,移动互联网",一流的流媒体服务平台+一流的人才,19
207,iOS开发,10k-16k,南山区,2018-07-11 08:59:03,大专、1-3年,深圳市博悦科创科技有限公司,不需要融资、移动互联网,"五险一金,双休,年终奖,年度旅游",19
208,IOS开发工程师,12k-15k,南山区,2018-07-11 07:26:45,本科、1-3年,深圳市凡乐时代网络技术有限公司,"不需要融资、电子商务,游戏","节假日福利,五险一金,员工旅游,定期体检",19
209,IOS工程师,10k-20k,福田区,2018-07-10 18:57:45,大专、3-5年,上海海万信息科技股份有限公司,"不需要融资、移动互联网,金融","大平台,新技术,高福利",19
210,iOS工程师,15k-30k,南山区,2018-07-11 10:20:29,本科、3-5年,深圳无觅科技有限公司,"B轮、移动互联网,金融","快速成长,待遇丰厚,团队优秀",20
211,IOS开发实习生,2k-4k,南山区,2018-07-11 09:54:07,本科、应届毕业生,深圳市安服优智能互联科技有限公司,"天使轮、移动互联网,硬件","IOS,实习生",20
212,IOS开发工程师,10k-20k,南山区,2018-07-11 09:38:18,本科、不限,深圳市名通科技股份有限公司,不需要融资、移动互联网,"平台稳,薪资高,福利好,氛围好",20
213,iOS开发工程师（IM业务）,15k-25k,南山区,2018-07-11 09:33:50,本科、3-5年,深圳市和讯华谷信息技术有限公司,"D轮及以上、移动互联网,数据服务","14薪+,D轮+,弹性工作制,下午茶",20
214,iOS开发实习生,4k-8k,南山区,2018-07-10 18:37:21,本科、不限,北京市商汤科技开发有限公司,B轮、移动互联网,"人工智能,独角兽企业,技术大牛多,工作氛围好",20
215,iOS高级开发工程师,20k-25k,南山区,2018-07-10 18:03:29,本科、3-5年,珠海云迈网络科技有限公司,A轮、移动互联网,季度奖+年终奖+期权+无限发展空间,20
216,iOS开发工程师,10k-15k,南山区,2018-07-10 17:51:52,大专、1-3年,伊时代（深圳）科技有限公司,天使轮、医疗健康,"扁平管理,带薪年假,周末双休",20
217,iOS开发工程师（信贷）,10k-20k,南山区,2018-07-10 17:40:42,本科、3-5年,深圳市随手科技有限公司,"C轮、移动互联网,金融","六险一金,弹性时间,空间大,氛围好",20
218,IOS开发工程师,15K-25K,宝安区,2018-07-10 16:49:16,本科、3-5年,深圳市曼欧科技有限公司,天使轮、移动互联网,公司发展前景好,20
219,IOS,10K-15K,龙华新区,2018-07-10 16:43:02,大专、1-3年,深圳市世通领航科技有限公司,未融资、移动互联网,五险一金&nbsp;&nbsp;&nbsp;每月一次聚餐&nbsp;&nbsp;&nbsp;双休&nbsp;&nbsp;&nbsp;&nbsp;,20
220,技术合伙人（IOS/MAC）,10k-20k,龙岗区,2018-07-10 16:42:14,本科、3-5年,深圳市核子力量科技有限公司,不需要融资、移动互联网,"弹性工作制,五险一金,年终奖,股份/期权",20
221,IOS开发工程师,16k-21k,南山区,2018-07-10 16:02:16,本科、1-3年,深圳市海雀科技有限公司,A轮、移动互联网,"五险一金,绩效奖金,节日福利",20
222,IOS开发工程师,7k-14k,南山区,2018-07-10 16:00:49,大专、1-3年,深圳市品挚科技有限公司,"A轮、移动互联网,生活服务","创业公司,人性管理,下午茶,团队靠谱",20
223,IOS开发工程师,8K-15K,龙华新区,2018-07-10 16:00:29,大专、1-3年,深圳市致鑫钰科技有限公司,"不需要融资、移动互联网,电子商务","五险一金,年终奖金,定期旅游",20
224,iOS开发工程师,15k-25k,南山区,2018-07-10 15:28:45,本科、5-10年,广州指点教育科技有限公司,B轮、教育,"五险一金,双休,互联网项目,教育科技",20
225,iOS开发工程师,9k-15k,南山区,2018-07-10 18:03:29,大专、不限,珠海云迈网络科技有限公司,A轮、移动互联网,季度奖+年终奖+期权+无限发展空间,21
226,IOS开发工程师,8k-16k,龙岗区,2018-07-10 16:42:14,本科、1-3年,深圳市核子力量科技有限公司,不需要融资、移动互联网,"弹性工作制,五险一金,年终奖,股份/期权",21
227,IOS中级开发工程师,20k-35k,南山区,2018-07-10 14:45:14,本科、3-5年,招商证券股份有限公司,"上市公司、招聘,其他",金融科技,21
228,iOS开发实习生（面向2019届毕业生）,3k-5k,南山区,2018-07-10 14:41:49,本科、应届毕业生,深圳市随手科技有限公司,"C轮、移动互联网,金融","互联网金融,海量数据,晋升空间大,福利待遇好",21
229,IOS高级开发,10k-20k,福田区,2018-07-10 14:37:32,本科、3-5年,深圳乐易住智能科技股份有限公司,"A轮、O2O,生活服务","高福利,高成长,酒店自住",21
230,IOS开发工程师,10k-12k,南山区,2018-07-10 14:11:08,大专、3-5年,深圳市橙社网络技术有限公司,"A轮、O2O,生活服务","大牛团队,氛围轻松",21
231,Android/iOS开发工程师,10k-14k,南山区,2018-07-10 14:04:06,大专、3-5年,深圳市微付吧网络科技有限公司,未融资、金融 移动互联网,"苹果,安卓,区块链,java",21
232,IOS开发工程师,9k-18k,福田区,2018-07-10 13:21:42,大专、3-5年,上海舟恩信息技术有限公司,不需要融资、移动互联网,"交通便利,晋升空间大,团队氛围好",21
233,IOS 工程师,11k-13k,南山区,2018-07-10 13:01:00,本科、1-3年,博博熊科技教育有限公司,未融资、O2O,"五险一金,全勤奖,双休",21
234,IOS开发工程师,13k-15k,福田区,2018-07-10 12:36:50,大专、3-5年,深圳市百讯科技有限公司,A轮、其他,"待遇好,有发展前景",21
235,ios开发工程师,15k-30k,罗湖区,2018-07-10 12:06:16,大专、1年以下,深圳博金派网络科技有限公司,C轮、金融,有发展,21
236,iOS,3k-6k,福田区,2018-07-10 11:59:28,本科、应届毕业生,深圳大管加软件与技术服务有限公司,天使轮、企业服务,五险一金，员工持股，环境优越，团队优秀,21
237,ios中级开发工程师,13k-18k,南山区,2018-07-10 11:34:06,本科、1-3年,深圳闪回科技有限公司,"B轮、O2O,电子商务","弹性工作,发展快,大牛多",21
238,iOS/Android高级研发工程师,15k-30k,南山区,2018-07-10 11:22:16,本科、3-5年,深圳市即构科技有限公司,"A轮、移动互联网,企业服务",有吸引力的薪酬体系，巨大的个人发展空间,21
239,IOS开发工程师,12k-15k,南山区,2018-07-10 11:17:38,本科、3-5年,云易恒基科技（深圳）有限公司,不需要融资、移动互联网,"多线程,iOS,API",21
240,iOS高级研发工程师,13k-26k,南山区,2018-07-10 11:21:31,本科、3-5年,深圳市即构科技有限公司,"A轮、移动互联网,企业服务",技术氛围好,22
241,IOS开发工程师（商城）,13k-19k,南山区,2018-07-10 11:17:37,大专、3-5年,云易恒基科技（深圳）有限公司,不需要融资、移动互联网,周末双休,22
242,ios高级开发工程师,19K-20K,宝安区,2018-07-10 11:14:52,本科、1-3年,深圳万纵联信息科技有限公司,"未融资、移动互联网,教育",创业公司，人脸识别，语音识别，区块链,22
243,iOS开发工程师,8k-16k,南山区,2018-07-10 11:05:22,本科、1-3年,深圳悦智网络科技有限公司,天使轮、移动互联网,"成长空间大,想象空间大",22
244,iOS,10k-20k,南山区,2018-07-10 10:48:43,本科、1-3年,深圳市萨克森计算机有限公司,"未融资、移动互联网,社交网络","14薪,餐补,旅游,体检",22
245,iOS资深开发工程师,15k-30k,福田区,2018-07-10 10:46:30,本科、3-5年,长城证券股份有限公司,未融资、金融,"金融科技,软件开发",22
246,高级IOS开发工程师,18k-30k,南山区,2018-07-10 10:30:43,本科、3-5年,厦门美图之家科技有限公司,"上市公司、移动互联网,硬件","高成长,多福利,多年终",22
247,iOS软件工程师,10k-15k,宝安区,2018-07-10 10:10:41,大专、3-5年,深圳勇艺达机器人有限公司,"不需要融资、硬件,数据服务","IOS,UI开发",22
248,IOS开发工程师（深圳）,7k-14k,福田区,2018-07-10 10:03:50,本科、1-3年,北京沐融信息科技有限公司,"C轮、移动互联网,金融","个人发展,公司前景",22
249,iOS,15k-25k,南山区,2018-07-10 10:02:10,本科、3-5年,深圳欧德蒙科技有限公司,"A轮、移动互联网,企业服务","福利好,待遇优,项目好,团队牛",22
250,iOS开发工程师,10k-18k,南山区,2018-07-10 09:56:29,本科、3-5年,深圳即拓互动科技有限公司,"不需要融资、移动互联网,游戏","行业前景好,领导授权,团队靠谱,锻炼人",22
251,高级iOS工程师,25k-50k,南山区,2018-07-10 09:52:10,本科、3-5年,深圳无觅科技有限公司,"B轮、移动互联网,金融","高速发展,团队优秀,待遇丰厚",22
252,IOS开发工程师,8k-16k,南山区,2018-07-10 09:39:28,大专、1-3年,深圳大鹊科技有限公司,A轮、移动互联网、硬件,"人工智能,大数据,互联网,智能硬件",22
253,IOS应用工程师,8k-15k,龙华新区,2018-07-10 09:33:24,大专、3-5年,深圳市睿迈德科技有限公司,"未融资、电子商务,移动互联网","带薪假期,五险一金,年终奖,员工出国游",22
254,iOS开发工程师,10k-18k,福田区,2018-07-10 09:30:22,本科、1年以下,深圳市桐梦科技有限公司,"不需要融资、金融,文化娱乐","互联网产品,前沿技术",22
255,iOS,8k-15k,南山区,2018-07-10 10:01:24,本科、1-3年,深圳欧德蒙科技有限公司,"A轮、移动互联网,企业服务","有挑战,待遇好,团队强,双休",23
256,IOS android h5,10k-20k,罗湖区,2018-07-10 09:17:15,本科、3-5年,北京通力互联技术服务有限公司,"不需要融资、电子商务,企业服务",5天8小时，双休制，办公环境高大上,23
257,IOS开发工程师,12k-20k,宝安区,2018-07-10 09:15:40,本科、1-3年,深圳市高斯贝尔家居智能电子有限公司,"A轮、文化娱乐,硬件","上市公司,绩效奖金,年度旅游",23
258,IOS开发工程师,8k-15k,罗湖区,2018-07-09 21:14:55,大专、1-3年,深圳市一道网络有限公司,"未融资、文化娱乐,分类信息","绩效奖励,年度体检,带薪年假",23
259,ios高级开发工程师,15k-25k,南山区,2018-07-09 20:37:23,本科、不限,速联（深圳）科技有限公司,"上市公司、电子商务,移动互联网","弹性制,五险一金,团队旅游,年终奖",23
260,IOS开发工程师,10k-20k,南山区,2018-07-09 20:22:23,本科、1-3年,深圳市新国都技术股份有限公司,"上市公司、金融,硬件","上市公司,发展前景好",23
261,iOS开发工程师【西安】,15k-25k,南山区,2018-07-09 19:25:01,大专、3-5年,西安逆袭网络科技有限公司,"A轮、移动互联网,社交网络","弹性工作,扁平管理,五险一金,健身福利",23
262,IOS开发工程师,8k-10k,宝安区,2018-07-09 18:29:17,大专、1-3年,深圳信恩世通电子商务有限公司,A轮、电子商务,"五险一金,周末双休,团队年轻,跨境电商",23
263,iOS应届生实习生,5k-10k,南山区,2018-07-09 18:26:31,不限、应届毕业生,深圳可链科技有限公司,"A轮、移动互联网,数据服务","技术大牛,五险一金,季度出游,大小周",23
264,iOS研发工程师,15k-20k,南山区,2018-07-09 18:26:07,本科、3-5年,深圳新链科技企业（有限合伙）,"未融资、移动互联网,金融","技术大神,五险一金,零食下午茶,季度出游",23
265,IOS开发工程师（2018届）,6k-7k,南山区,2018-07-09 17:28:18,本科、1年以下,深圳市沃特沃德股份有限公司,不需要融资、移动互联网,"五险一金,平台大,晋升机会,扁平管理",23
266,iOS高级开发工程师,20k-30k,南山区,2018-07-09 17:03:45,大专、3-5年,深圳市为爱普信息技术有限公司,"上市公司、移动互联网,其他","福利好,待遇优,产品佳,前景广",23
267,iOS开发工程师,7k-10k,宝安区,2018-07-09 16:47:50,本科、1-3年,深圳中韵科技有限公司,"未融资、移动互联网,社交网络","福利好,弹性工作,五险一金,技术牛人多",23
268,IOS开发工程师,9k-17k,宝安区,2018-07-09 16:44:15,本科、3-5年,深圳拓邦股份有限公司,上市公司、硬件、其他,"平台大,福利好,培训多,氛围佳",23
269,iOS开发工程师,10k-20k,南山区,2018-07-09 16:34:56,本科、1-3年,厦门美图之家科技有限公司,"上市公司、移动互联网,硬件","弹性工作,海外团队,海外市场",23
270,iOS开发实习生,3k-4k,南山区,2018-07-09 14:44:24,本科、应届毕业生,深圳市华阅文化传媒有限公司,A轮、移动互联网,"奇虎360,餐补,弹性工作,活动多",25
271,ios开发工程师,15k-25k,南山区,2018-07-09 13:36:07,本科、不限,深圳市图途时代科技有限公司,"不需要融资、企业服务,广告营销","弹性制,五险一金,团队旅游,年终奖",25
272,iOS开发工程师,8k-12k,南山区,2018-07-09 13:13:24,本科、1-3年,黑龙江省容维证券数据程序化有限公司深圳分公司,不需要融资、金融,"领导好,福利好,氛围好,团队好",25
273,IOS开发工程师(平安外包),10K-20K,福田区,2018-07-09 12:06:17,本科、3-5年,深圳市博奥特科技有限公司,"未融资、移动互联网,金融",金融IT行业,25
274,高级iOS开发工程师,15k-30k,南山区,2018-07-09 12:05:52,本科、3-5年,深圳开黑科技有限公司,"A轮、移动互联网,文化娱乐","技术大牛多,产品稳定,团队稳定,公司飞速发",25
275,IOS开发工程师,6k-12k,南山区,2018-07-09 11:51:27,本科、1-3年,深圳市富视康实业发展有限公司,"不需要融资、数据服务,文化娱乐","技术大咖,气氛活跃,老板人好",25
276,Ios开发工程师,10k-15k,南山区,2018-07-09 11:27:17,大专、3-5年,深圳市驰基电竞互娱有限公司,"不需要融资、企业服务,移动互联网","周末双休,团建活动,五险一金,领导nic",25
277,IOS开发工程师,10k-20k,南山区,2018-07-09 11:12:25,本科、1-3年,珠海富讯网络科技有限公司,"A轮、金融,数据服务","高效率团队,专注金融,行业黑马",25
278,iOS开发工程师(图形渲染),15k-25k,宝安区,2018-07-09 11:12:07,本科、1-3年,深圳岚锋创视网络科技有限公司,"C轮、硬件,移动互联网","五险一金,发展空间大,扁平管理,弹性工作",25
279,iOS,20k-35k,宝安区,2018-07-09 11:06:41,大专、3-5年,深圳市英思奇信息咨询有限公司,"未融资、移动互联网,电子商务",高于同行业薪资和良好的晋升制度,25
280,IOS开发工程师,15k-30k,南山区,2018-07-09 11:06:18,本科、3-5年,深圳市牛鼎丰科技有限公司,"不需要融资、金融,移动互联网","互联网氛围,生日假,金融科技,员工旅游",25
281,iOS开发工程师,6k-10k,福田区,2018-07-09 11:05:26,大专、1-3年,深圳魔讯创想科技有限公司,"未融资、移动互联网,硬件",股权激励,25
282,IOS开发工程师,15k-18k,南山区,2018-07-09 11:01:56,本科、3-5年,深圳市闪电鸡科技有限公司,天使轮、电子商务,"福利待遇好,上班不打卡,有前景",25
283,IOS开发工程师,25k-50k,南山区,2018-07-09 10:57:27,本科、不限,睿魔智能科技（深圳）有限公司,"天使轮、硬件,其他","景区办公,朝阳行业,期权激励",25
284,IOS开发,12k-20k,南山区,2018-07-09 10:41:22,不限、3-5年,深圳简信互联网科技服务有限公司,"不需要融资、移动互联网,广告营销","弹性上班时,轻松工作氛,入职交五险,旅游",25
285,ios开发工程师,15k-20k,南山区,2018-07-09 13:36:04,本科、不限,深圳市图途时代科技有限公司,"不需要融资、企业服务,广告营销","弹性制,五险一金,团队旅游,年终奖",26
286,iOS架构师,30k-45k,南山区,2018-07-09 12:05:52,本科、3-5年,深圳开黑科技有限公司,"A轮、移动互联网,文化娱乐","腾讯系团队,有前景产品,轻松氛围,成长空间大",26
287,iOS开发经理,30k-60k,南山区,2018-07-09 10:57:26,本科、5-10年,睿魔智能科技（深圳）有限公司,"天使轮、硬件,其他","前沿行业,期权激励,待遇从优,弹性工作",26
288,iOS开发工程师,8k-16k,南山区,2018-07-09 10:33:13,大专、3-5年,深圳领域天马网络有限公司,天使轮、移动互联网,"技术咖,福利好,氛围好,领导好",26
289,IOS开发工程师,8k-15k,宝安区,2018-07-09 10:30:49,大专、1-3年,深圳市异游科技有限公司,"未融资、移动互联网,游戏","IOS,JAVA",26
290,iOS开发工程师-faceu,20k-40k,宝安区,2018-07-09 10:10:53,本科、3-5年,北京字节跳动科技有限公司,"C轮、移动互联网,数据服务",扁平管理，过亿用户，职业大牛，晋升空间,26
291,IOS运营,10k-20k,南山区,2018-07-09 10:10:30,大专、3-5年,深圳市番趣互动娱乐有限公司,"不需要融资、数据服务,游戏","弹性,双薪,双休,奖金丰厚",26
292,iOS开发工程师,7k-10k,南山区,2018-07-09 10:03:47,本科、1-3年,深圳市渊泊科技有限公司,"未融资、移动互联网,企业服务","挑战多,成长快,提升视野,高手带",26
293,IOS开发工程师,8k-16k,南山区,2018-07-09 10:03:29,大专、3-5年,深圳市创联互动软件科技有限公司,不需要融资、游戏,"90后团队,弹性工作,带薪年假,地铁口办公",26
294,iOS开发工程师,10k-16k,南山区,2018-07-09 09:56:45,大专、3-5年,深圳市五谷网络科技有限公司,"C轮、电子商务,O2O","薪资福利高,氛围好",26
295,iOS开发,10K-20K,南山区,2018-07-09 09:51:12,本科、3-5年,深圳谜语者科技有限公司,"天使轮、移动互联网,分类信息",项目有趣，有挑战，有回报,26
296,iOS,20k-40k,福田区,2018-07-09 09:46:58,本科、3-5年,深圳市嘉德软件有限公司,"不需要融资、移动互联网,电子商务",发展迅速、福利待遇佳,26
297,IOS开发工程师,8k-15k,南山区,2018-07-09 09:42:59,不限、3-5年,深圳声联网科技有限公司,"天使轮、硬件,其他","新颖,挑战",26
298,ios工程师,7k-14k,宝安区,2018-07-09 09:28:02,大专、1-3年,深圳前海迅捷敏达电子商务有限公司,未融资、O2O,"期权,扁平化管理,五险一金",26
299,IOS开发工程师,6k-9k,宝安区,2018-07-09 09:28:02,不限、1-3年,深圳辉云科技有限公司,"未融资、移动互联网,电子商务","双休,5险1金,法定休假,旅游聚餐",26
300,高级ios开发工程师,15k-30k,南山区,2018-07-09 13:36:02,本科、不限,深圳市图途时代科技有限公司,"不需要融资、企业服务,广告营销","弹性制,五险一金,团队旅游,年终奖",27
301,iOS开发实习生-faceu,6k-8k,宝安区,2018-07-09 10:10:52,本科、不限,北京字节跳动科技有限公司,"C轮、移动互联网,数据服务",免费三餐，租房补贴，休闲下午茶，扁平管理，过亿用户，团队氛围好,27
302,IOS开发工程师,10k-15k,南山区,2018-07-09 10:10:22,大专、1-3年,深圳市番趣互动娱乐有限公司,"不需要融资、数据服务,游戏","周末双休,弹性时间,技术大牛,扁平化管理",27
303,高级ios开发工程师,15k-25k,南山区,2018-07-09 09:27:21,本科、3-5年,广东乐心医疗电子股份有限公司,"上市公司、移动互联网,电子商务","扁平化管理,弹性工作,团队优秀,机会多多",27
304,IOS研发工程师,10k-15k,福田区,2018-07-09 09:22:36,本科、1-3年,深圳前海新富资本管理集团,不需要融资、移动互联网,"五险一金,绩效奖金,节日福利,员工旅游",27
305,高级iOS开发工程师,8k-16k,南山区,2018-07-09 09:15:25,本科、1-3年,深圳市盈通数据服务股份有限公司,"未融资、移动互联网,金融",股权激励，活动丰富，有爱的小伙伴,27
306,iOS开发工程师,10k-20k,宝安区,2018-07-09 08:49:31,本科、3-5年,深圳市安全家科技有限公司,"天使轮、移动互联网,硬件",成长空间大+发展前景好,27
307,高级iOS开发工程师,10k-15k,南山区,2018-07-09 00:23:20,本科、3-5年,深圳市格通科技有限公司,未融资、电子商务,"公司氛围好,弹性工作,扁平化管理",27
308,手机端开发实习生（Android/iOS）,4k-8k,南山区,2018-07-08 21:10:21,本科、应届毕业生,北京市商汤科技开发有限公司,B轮、移动互联网,"人工智能,独角兽,计算机视觉,大牛带队",27
309,IOS开发工程师,7k-14k,宝安区,2018-07-07 16:02:40,大专、1-3年,深圳市驿带驿路贸易有限公司,未融资、移动互联网,"发展空间大,2b领导,妹子多,团队一家人",27
310,ios开发,10k-20k,坪山新区,2018-07-07 14:45:52,大专、3-5年,商金投资管理（深圳）有限公司,"不需要融资、移动互联网,电子商务","原始股权,技术挑战高,年终分红,大咖云集",27
311,IOS开发工程师,10K-20K,龙岗区,2018-07-07 11:23:15,本科、3-5年,深圳市爱穿越科技有限公司,未融资、移动互联网、社交网络,技术合伙人，打造一个有前途的团队,27
312,IOS开发工程师,15k-20k,南山区,2018-07-07 09:36:53,本科、3-5年,深圳市四格互联信息技术有限公司,B轮、移动互联网,"不打卡,大牛多,期权",27
313,iOS开发工程师,12k-20k,南山区,2018-07-07 01:27:06,大专、3-5年,深圳微见科技有限公司,"天使轮、移动互联网,社交网络","团队nic,朝阳行业",27
314,iOS开发工程师,13k-18k,南山区,2018-07-06 19:15:46,本科、3-5年,深圳来星网络科技有限公司,"B轮、社交网络,移动互联网","美资公司,十天年假,年底双薪,餐补",27
315,iOS开发工程师（中级/高级/资深）-创新工具,25k-50k,南山区,2018-07-12 10:04:40,本科、3-5年,北京字节跳动科技有限公司,"C轮、移动互联网,数据服务",六险一金，高薪期权，弹性工作，免费三餐，租房补贴，扁平管理，团队氛围好,15
316,20718-ios开发工程师（深圳）,18k-36k,南山区,2018-07-12 09:42:10,本科、3-5年,腾讯科技(深圳)有限公司,"上市公司、移动互联网 ,游戏","大平台,大空间,AI,新领域",15
317,高级iOS开发工程师,15k-30k,南山区,2018-07-12 09:33:20,本科、3-5年,深圳市随手科技有限公司,"C轮、移动互联网,金融","发展空间大,互联网金融,3亿用户",15
318,sz-IOS/Android开发岗,12k-20k,福田区,2018-07-12 09:32:03,本科、1-3年,深圳市中手游网络科技有限公司,"上市公司、移动互联网,游戏","大平台,福利好,晋升空间大,牛人多",15
319,iOS游戏开发工程师,10k-20k,南山区,2018-07-12 09:19:22,大专、3-5年,深圳市点加互动网络科技有限公司,"不需要融资、移动互联网,游戏","弹性工作,游戏,开发工程师",15
320,IOS开发工程师,8k-12k,南山区,2018-07-12 09:18:35,大专、应届毕业生,深圳市迷你玩科技有限公司,B轮、游戏,"领导好,下午茶",15
321,iOS开发实习生（深圳）,8k-12k,南山区,2018-07-12 09:08:39,本科、应届毕业生,广州奇志信息科技有限公司,A轮、移动互联网,"新技术,无人机",15
322,iOS开发工程师,12k-20k,福田区,2018-07-12 09:07:04,大专、3-5年,上海海钜信达金融信息服务有限公司,不需要融资、金融,弹性工作、下午茶、体检、专业培训、奖金~,15
323,IOS开发工程师,10k-20k,南山区,2018-07-12 09:06:37,大专、1-3年,深圳中科数字工程研究中心有限公司,未融资、移动互联网,"五险一金,周末双休,技术氛围好,成长空间大",15
324,iOS开发工程师,10k-20k,南山区,2018-07-12 08:49:14,本科、不限,普联技术有限公司,不需要融资、硬件,"有活力,发展好",15
325,Android/IOS工程师,8k-15k,南山区,2018-07-12 00:26:58,本科、1-3年,深圳市秦丝科技有限公司,"A轮、移动互联网,企业服务","团队优秀,氛围轻松,股票期权,加薪超快",15
326,iOS,10k-20k,南山区,2018-07-11 20:18:15,本科、1-3年,深圳乐言科技有限公司,"不需要融资、游戏,移动互联网","六险一金,鹅场大神,高配团队,海外手游",15
327,ios开发,25k-35k,南山区,2018-07-11 19:53:07,本科、3-5年,深圳盛甜科技有限公司,"天使轮、社交网络,文化娱乐","期权激励,腾讯团队,垂直独角兽",15
328,ios开发工程师,10k-15k,龙华新区,2018-07-11 19:53:05,本科、不限,深圳市三十天科技有限公司,未融资、移动互联网,"五险一金,旅游,年终奖,股票",15
329,iOS开发工程师,20k-40k,南山区,2018-07-11 19:39:18,本科、不限,深圳市大疆创新科技有限公司,"未融资、移动互联网,硬件",待遇优厚，发展潜力大，晋升空间大,15
330,高级iOS工程师,20K-40K,南山区,2018-07-05 22:32:59,本科、不限,腾讯科技(深圳)有限公司,"上市公司、移动互联网 ,游戏",团队资源多，部门重点项目,30
331,iOS开发工程师,10k-20k,南山区,2018-07-05 10:40:51,本科、1-3年,深圳小安时代互联网金融服务有限公司,"B轮、移动互联网,金融","BAT团队,火箭式成长,开源项目,超棒福利",30
332,资深 iOS 开发,30k-60k,南山区,2018-07-05 00:11:14,本科、3-5年,港湾（深圳）网络科技有限公司,不需要融资、金融、数据服务,"行业引领者,大牛团队,扁平化管理,token",30
333,IOS开发工程师,10k-15k,南山区,2018-07-04 18:49:41,本科、1-3年,深圳贝尔创意科教有限公司,上市公司、其他,"五险一金,双休,下午茶,空间大",30
334,ios研发工程师,15k-30k,南山区,2018-07-04 17:56:42,本科、1-3年,东莞市西弗企业管理咨询有限公司,未融资、电子商务,"紧急,待遇优厚,有提升空间,高新企业",30
335,IOS工程师,15k-22k,南山区,2018-07-04 17:37:30,本科、3-5年,深圳超链数字科技有限公司,"不需要融资、企业服务,信息安全","周末双休,五险一金,年终奖金,弹性工作",30
336,iOS开发工程师,12k-24k,南山区,2018-07-04 14:10:33,大专、3-5年,深圳市泊众网科技有限公司,不需要融资、移动互联网,"14年历程,精英团队,人性化管理,奖金丰富",30
337,ios高级开发工程师,10k-20k,南山区,2018-07-04 12:35:33,本科、3-5年,深圳市网信数码科技有限公司,A轮、移动互联网,"股票期权,项目奖金,2次调薪年,出差补贴",30
338,iOS,6K-12K,福田区,2018-07-04 11:58:22,本科、不限,深圳市学海无涯移动科技有限公司,天使轮、移动互联网,前景好！,30
339,IOS开发工程师,10K-20K,龙华区,2018-07-04 11:52:32,本科、3-5年,七鼎娱乐（深圳）有限公司,不需要融资、文化娱乐,双休，下午茶，奖金，老板豪气又nice,30
340,iOS开发工程师,12k-18k,南山区,2018-07-04 11:14:48,本科、1-3年,特斯联（北京）科技有限公司,"B轮、移动互联网,硬件","五险一金,绩效奖金,年终奖金,包饭",30
341,ios 开发工程师,10k-20k,南山区,2018-07-04 11:09:56,本科、3-5年,深圳市奇点创艺科技有限公司,"未融资、移动互联网,数据服务","工作环境好,薪资高,工作氛围好,零食下午茶",30
342,IOS开发工程师,15k-25k,福田区,2018-07-04 11:00:31,大专、3-5年,深圳市小牛普惠投资管理有限公司,未融资、金融,"平台广阔,机会多多,美女多多,钱多多",30
343,高级iOS开发工程师,20k-30k,南山区,2018-07-04 10:39:13,本科、3-5年,深圳市加推科技有限公司,"A轮、移动互联网,企业服务","腾讯系团队,微信高管,福利众多,牛人众多",30
344,iOS开发工程师,15k-25k,南山区,2018-07-04 10:34:11,本科、3-5年,深圳市彬讯科技有限公司,"C轮、移动互联网,O2O","六险一金,独角兽公司,领导专业,团队氛围好",30
345,高级iOS开发工程师-faceu,20k-40k,宝安区,2018-07-09 10:10:52,本科、3-5年,北京字节跳动科技有限公司,"C轮、移动互联网,数据服务",餐补，五险一金,29
346,SNG16-腾讯音乐IOS开发工程师（深圳）,20k-30k,南山区,2018-07-05 22:32:59,本科、3-5年,腾讯科技(深圳)有限公司,"上市公司、移动互联网 ,游戏","优秀平台,最多5个字,最多5个字,最多5个字",29
347,IOS开发工程师,8k-16k,南山区,2018-07-05 16:38:08,本科、3-5年,深圳市泽云科技有限公司,"未融资、硬件,其他","五险一金,带薪年假,周末双休,节日福利",29
348,iOS开发工程师,15k-30k,福田区,2018-07-05 16:00:35,本科、3-5年,上海淇毓信息科技有限公司,"未融资、移动互联网,金融","平台大,行业新,技术深",29
349,IOS开发工程师,15k-25k,龙岗区,2018-07-05 15:17:05,本科、3-5年,北京通力互联技术服务有限公司,"不需要融资、电子商务,企业服务","美女多,福利好,工资高,双休",29
350,iOS开发工程师,20k-35k,南山区,2018-07-05 15:08:04,本科、3-5年,深圳市无极云区块链互联网技术开发有限公司,不需要融资、移动互联网,"五险一金,年底双薪,绩效奖金,员工旅游",29
351,IOS开发工程师,10k-13k,龙华新区,2018-07-05 15:07:58,本科、3-5年,深圳钜丰黄金有限公司,天使轮、金融,"周末双休,不定期福利",29
352,游戏前端工程师（IOS开发）,10k-15k,宝安区,2018-07-05 14:47:35,大专、1-3年,上海中清龙图网络科技有限公司深圳分公司,D轮及以上、游戏,"工作氛围好,工作环境好,发展前景好",29
353,苹果ASO优化师,10k-20k,南山区,2018-07-05 14:46:28,本科、1-3年,深圳市尚游网络科技有限公司,不需要融资、游戏,平台靠谱，十年积累，OV渠道资源,29
354,IOS开发工程师,10K-15K,南山区,2018-07-05 14:17:27,不限、1-3年,深圳市壹众互动科技有限公司,未融资、移动互联网、社交网络,月薪+季度奖金，谁说研发岗位就是死,29
355,iOS工程师/iOS开发工程师,13k-25k,南山区,2018-07-05 13:29:02,本科、1-3年,深圳市云歌人工智能技术有限公司,未融资、移动互联网,"气氛轻松,顶尖团队,升职空间大,协作性文化",29
356,iOS,8k-12k,南山区,2018-07-05 11:57:22,大专、1-3年,深圳市迈卡网络科技有限公司,不需要融资、O2O,"福利多多,项目奖金,周末双休,公司旅游",29
357,ios工程师-base泰国曼谷,15k-20k,宝安区,2018-07-05 10:56:05,不限、1-3年,深圳市彭珠贸易有限公司,"不需要融资、移动互联网,企业服务","税后13薪,绩效奖金,双休,出国",29
358,IOS,20k-30k,福田区,2018-07-05 10:55:34,大专、1-3年,金牛区黄坚栋健康咨询服务部,"A轮、移动互联网,其他","包食宿,出国,1个月年假,交通费",29
359,IOS开发工程师,7k-14k,南山区,2018-07-05 10:52:53,本科、3-5年,恒盈宝区块链技术（深圳）有限公司,未融资、区块链,"BAT团队,团队氛围,帅哥多",29
360,资深ios开发工程师,25k-40k,南山区,2018-07-09 20:37:08,本科、3-5年,速联（深圳）科技有限公司,"上市公司、电子商务,移动互联网","弹性制,五险一金,团队旅游,年终奖",24
361,IOS开发高级工程师（区块链方向）,10k-20k,南山区,2018-07-09 20:22:23,本科、3-5年,深圳市新国都技术股份有限公司,"上市公司、金融,硬件",发展前景好,24
362,iOS研发工程师,12k-16k,南山区,2018-07-09 18:26:31,本科、应届毕业生,深圳可链科技有限公司,"A轮、移动互联网,数据服务","五险一金,带薪年假,团队出游,零食下午茶",24
363,iOS开发工程师,15k-25k,南山区,2018-07-09 17:03:45,本科、3-5年,深圳市为爱普信息技术有限公司,"上市公司、移动互联网,其他","福利好,待遇佳,产品优,前景广",24
364,高级iOS高级开发工程师,13k-25k,南山区,2018-07-09 16:23:18,本科、3-5年,深圳碳云智能科技有限公司,A轮、医疗健康,行业潜力大,24
365,iOS高级工程师,15k-30k,南山区,2018-07-09 15:45:45,本科、5-10年,卫盈联信息技术（深圳）有限公司,B轮、金融,"B轮独角兽,团队牛,高薪福利好,准上市公司",24
366,iOS开发工程师,10k-18k,南山区,2018-07-09 15:10:54,本科、3-5年,北京瑞友科技股份有限公司,"上市公司、移动互联网,电子商务","周末双休,五险一金,员工聚餐,车补饭补",24
367,高级IOS软件工程师,15k-20k,南山区,2018-07-09 14:55:12,本科、5-10年,深圳市同为数码科技股份有限公司,不需要融资、信息安全,"研发,IOS",24
368,IOS开发工程师,15k-25k,南山区,2018-07-09 14:44:25,本科、3-5年,深圳市华阅文化传媒有限公司,A轮、移动互联网,"五险一金,奇虎360,弹性工作制,环境好",24
369,iOS开发工程师,7k-12k,龙岗区,2018-07-09 14:42:24,大专、1-3年,深圳市丰源杰汽车科技有限公司,"未融资、企业服务,其他","创业公司,五险一金,带薪年假,周末双休",24
370,iOS开发工程师,12k-20k,南山区,2018-07-09 14:36:33,本科、3-5年,深圳礼舍科技有限公司,"A轮、移动互联网,电子商务",发展前景好,24
371,IOS开发工程师,7k-13k,南山区,2018-07-09 14:27:02,本科、3-5年,上海网达软件股份有限公司,"上市公司、移动互联网,电子商务","周末双休,加班补贴,五险一金",24
372,iOS开发,10k-15k,南山区,2018-07-09 14:13:49,本科、1-3年,深圳市博悦科创科技有限公司,不需要融资、移动互联网,"五险一金,年终奖,双休,年度体检",24
373,IOS开发工程师,10k-15k,南山区,2018-07-09 13:43:49,本科、不限,深圳喜豆文化发展有限公司,"不需要融资、移动互联网,广告营销","独立开发,ios,开发,技术",24
374,ios高级开发工程师（加急）,15k-25k,南山区,2018-07-09 13:36:25,本科、不限,深圳市迪飞达电子有限公司,"不需要融资、游戏,文化娱乐","弹性制,六险一金,团队旅游,年终奖",24
